{
  "baseline_test": {
    "accuracy": 0.9538316582914573,
    "precision": 0.9399796541200407,
    "recall": 0.9595015576323987,
    "f1": 0.9496402877697842
  }
}